{"cameraMode":{"drawMode":0,"name":"Shaded","section":"Shading Mode"},"sceneLighting":true,"audioPlay":false,"sceneViewState":{"showFog":true,"showMaterialUpdate":false,"showSkybox":true,"showFlares":true,"showImageEffects":true,"showParticleSystems":true},"in2DMode":false,"pivot":{"x":0.1100006103515625,"y":1.2299995422363282,"z":0.46000000834465029},"rotation":{"x":-0.10445890575647354,"y":-0.8922659158706665,"z":0.26723194122314455,"w":-0.3487454950809479},"size":30.80331039428711,"orthographic":false}